area_sqft,bedrooms,bathrooms,floors,age_years,distance_city_km,parking_spaces,price
3774,6,5,3,24,7.14,3,775146
1460,3,3,3,22,9.75,3,261114
1894,2,2,2,1,21.25,2,367626
1730,4,5,1,8,5.68,1,382686
1695,2,2,1,13,20.84,0,279810
3692,6,5,3,3,14.5,1,766959
2238,5,5,2,28,19.29,1,445752
2769,6,5,2,8,18.13,2,594311
1066,3,3,2,12,5.98,0,255485
1838,4,3,2,17,14.65,4,382202
930,1,1,2,14,21.83,0,105227
2082,5,5,1,27,11.37,3,419047
2735,5,4,1,9,24.2,4,602260
3771,6,5,1,15,11.85,3,776069
3519,6,5,3,11,4.43,3,794445
730,1,2,2,19,10.35,1,152108
2285,3,3,3,4,23.84,1,441456
3980,6,5,2,1,8.67,3,837588
1369,3,2,1,9,21.83,2,253528
2991,4,5,3,0,22.15,1,566323
2115,3,3,1,6,9.4,3,430260
3453,6,5,2,25,3.0,1,728253
3033,6,5,2,16,18.39,2,603167
1815,4,4,2,15,8.48,2,393479
1555,2,2,1,26,19.79,0,263351
2924,4,4,2,26,11.62,4,551886
1784,4,3,1,23,12.65,3,341293
1059,2,3,3,2,19.67,0,190921
3985,6,5,2,13,10.18,2,790996
621,1,1,2,9,11.64,3,91247
2900,5,5,2,21,10.03,2,570431
1347,3,4,3,6,9.82,3,337209
3504,6,5,2,25,13.62,4,685670
1074,3,3,1,16,20.41,3,208029
1682,2,2,1,29,9.68,0,274842
3158,6,5,2,5,13.58,1,683357
2647,4,5,2,22,17.1,1,537483
3347,5,5,3,21,7.47,4,704301
1575,4,3,3,3,7.66,4,372802
2406,3,4,3,16,23.4,1,444658
789,2,1,2,26,18.36,2,92462
3605,6,5,3,8,14.85,1,777070
3334,6,5,3,3,16.55,4,690326
3605,6,5,1,6,1.7,2,774772
1162,1,1,3,22,15.83,1,204691
2499,5,5,1,1,13.23,2,523754
1867,4,3,1,16,14.1,1,385620
3479,5,4,3,23,9.63,1,698744
2128,4,3,1,7,2.96,3,490179
3802,6,5,2,22,5.64,2,760693
1246,3,2,2,29,23.82,0,169422
2668,5,5,3,14,10.81,2,550510
3488,5,4,2,14,12.2,4,704617
2814,6,5,1,7,2.27,2,617644
1897,2,2,2,15,1.9,2,365291
3035,5,5,3,18,18.21,1,563696
1200,2,1,3,10,13.91,3,241589
2963,6,5,1,1,13.21,1,665866
2661,6,5,3,22,6.83,4,584605
841,1,1,2,23,18.87,1,125322
2641,4,4,3,16,5.04,2,555748
3424,5,5,1,27,5.56,3,689640
3212,5,5,3,25,12.06,3,662173
3545,6,5,2,15,7.87,4,745767
1963,4,4,1,24,6.94,3,394206
2739,6,5,2,14,16.49,3,557120
1990,3,3,1,12,16.62,2,374980
3603,6,5,3,14,20.79,3,731242
2078,5,5,1,26,11.03,2,419658
3156,6,5,1,3,2.75,3,693366
1375,1,1,3,15,7.57,1,257643
634,1,2,2,29,24.52,1,80243
2853,5,4,3,11,15.31,1,603075
3752,6,5,1,29,18.03,2,722360
2555,5,5,3,3,1.18,2,549884
2185,5,5,1,2,13.44,3,473517
3673,6,5,3,21,1.9,2,761721
1621,3,4,3,16,14.66,3,296744
3213,6,5,2,21,23.1,3,662413
1729,4,4,1,17,24.24,3,337087
2100,3,3,2,24,13.97,2,399687
1302,2,2,1,17,12.0,0,257170
3049,5,5,3,22,23.68,3,582857
3377,6,5,1,27,17.17,2,669500
2179,3,2,2,16,2.56,3,434902
761,2,1,2,11,12.18,2,142438
801,1,2,2,22,6.77,2,128196
2581,5,4,1,20,12.28,4,556332
1595,2,3,2,23,11.93,2,287229
2917,4,3,2,3,14.97,1,590609
1415,2,2,2,11,9.56,1,235579
3942,6,5,3,25,4.94,4,828779
1055,1,1,3,22,13.09,3,198764
1875,2,2,1,21,20.92,0,311108
1616,2,2,1,20,16.94,1,271461
2943,5,5,2,19,9.12,1,605000
3367,6,5,3,14,23.45,2,718935
937,1,2,2,22,22.89,0,92615
1478,2,2,2,27,6.02,2,287140
1676,4,3,3,15,1.95,1,348047
1391,3,3,3,4,18.79,3,293401
2864,5,4,3,20,20.86,4,561842
1363,3,2,1,14,24.23,3,236313
2835,4,3,1,16,22.36,1,522370
979,1,2,2,17,15.41,3,147216
1092,1,1,1,4,13.72,3,220703
3712,6,5,3,12,1.67,3,749937
1780,2,3,3,18,6.92,2,361355
2662,6,5,1,29,12.03,2,530069
664,1,1,2,12,16.08,1,79941
3168,6,5,2,17,14.37,2,650047
1967,2,2,1,13,18.82,0,310780
1752,2,2,2,29,7.71,1,311234
2627,4,5,2,3,14.56,1,512782
3295,6,5,2,3,3.12,1,717585
2095,5,4,3,19,10.93,2,423252
3734,6,5,3,19,19.0,2,731600
1762,3,2,1,18,17.64,0,317758
2122,3,3,3,12,24.78,2,381949
3240,6,5,2,11,7.67,4,688200
991,1,1,3,6,12.96,3,160183
2298,3,2,1,24,8.91,3,441437
1018,2,2,3,11,11.57,2,241898
2936,4,5,2,20,21.57,1,613184
978,1,1,2,3,17.42,1,172523
2396,3,2,1,26,22.18,0,420684
2878,4,3,3,1,5.88,1,560167
3665,6,5,3,1,21.96,2,779334
2688,4,3,3,4,2.43,3,587504
3699,6,5,2,22,22.33,4,716481
2782,5,5,1,9,8.9,4,615203
800,1,2,3,9,8.55,0,151310
2463,5,5,2,8,13.29,3,517599
1379,2,1,2,12,23.58,3,246566
3577,6,5,2,6,2.15,3,743292
3704,6,5,3,4,9.45,2,797252
3719,6,5,3,25,21.56,1,698680
1102,2,1,3,9,10.51,0,189838
3054,6,5,3,9,5.78,3,645466
2351,4,5,3,5,11.2,4,527470
1404,3,2,3,26,10.25,2,255884
2746,5,5,3,27,22.97,2,503880
3331,6,5,3,18,19.29,4,664886
2495,5,5,3,20,13.12,4,523219
3373,5,4,2,7,24.72,3,637580
2170,5,4,3,0,12.17,2,458226
1560,2,3,1,27,2.4,3,342725
3260,6,5,2,16,7.29,1,657008
2085,5,4,3,6,11.47,2,451899
3290,6,5,1,13,4.77,4,688815
1628,2,1,3,20,23.74,2,262132
3889,6,5,1,29,19.4,4,763146
1102,1,1,1,20,7.44,0,197442
3414,6,5,1,16,15.18,2,679040
997,2,1,1,8,18.31,3,155110
1470,1,2,2,16,23.59,0,256908
3442,6,5,2,4,22.16,4,705333
992,1,1,1,25,13.36,3,185946
806,1,1,3,24,19.59,1,63988
1638,3,4,1,29,14.49,2,307268
2481,5,4,2,19,14.26,3,541932
3539,6,5,3,28,3.75,1,711454
2084,5,4,2,7,4.03,1,458050
1463,3,2,2,5,13.71,0,296330
3390,6,5,3,10,7.45,2,704124
3912,6,5,1,18,1.5,3,796918
1163,2,1,1,3,18.35,0,198383
1620,3,4,1,17,1.78,0,322991
695,1,1,1,0,15.29,3,156097
2523,6,5,3,12,13.94,4,560481
2357,5,4,3,13,24.25,1,472272
3132,6,5,3,23,12.62,4,663191
2878,4,5,2,0,2.53,4,621692
3396,6,5,3,29,14.24,4,666815
2278,4,4,1,28,21.19,2,406607
3842,6,5,2,10,24.92,1,752755
1140,2,1,1,16,11.33,0,174355
1659,3,4,1,3,8.69,3,351734
3172,6,5,3,25,22.76,2,612617
1783,2,1,3,11,5.59,3,394751
2322,3,3,1,9,15.77,1,386443
3914,6,5,1,5,10.74,1,792947
3757,6,5,2,24,1.99,4,808793
2419,4,4,3,0,9.33,1,518196
3225,6,5,2,6,7.37,2,701828
3329,6,5,2,25,17.47,3,662776
3204,6,5,2,26,23.77,2,606833
2197,3,3,1,20,7.43,2,378761
3660,6,5,2,27,20.48,1,707449
3293,6,5,2,15,2.33,1,676067
1395,1,1,1,23,13.91,3,209773
1651,4,5,3,13,2.69,3,377320
2243,5,5,3,22,23.42,2,481797
1963,3,2,2,19,19.39,0,396156
2581,5,4,1,19,16.79,3,515844
1954,3,2,3,5,20.77,1,364384
2263,5,5,2,21,16.54,3,441215
2129,4,4,2,24,24.25,2,406090
2638,4,4,1,27,18.13,2,526738
2096,3,2,2,4,23.19,1,385953
3902,6,5,3,23,13.41,2,728460
2837,6,5,1,20,3.81,3,615440
3896,6,5,3,17,13.68,3,807127
2008,5,5,3,14,4.04,4,431643
2000,5,4,3,5,15.22,3,444589
1906,2,1,2,24,12.58,2,340944
3280,5,5,2,28,15.94,4,641057
3275,6,5,3,18,1.24,3,683204
1572,4,4,3,0,5.68,2,394918
2368,5,4,1,0,12.79,1,493592
1882,2,2,1,12,23.81,0,288436
1309,3,3,2,2,10.21,3,253210
2079,3,4,2,9,11.18,2,449576
2034,4,3,1,20,18.15,3,401153
1248,1,2,3,2,15.49,3,247419
917,2,3,2,8,8.17,0,185914
3896,6,5,3,7,10.86,2,793480
1857,2,1,1,2,6.22,2,342305
1283,1,1,2,24,24.18,3,179950
1263,2,1,2,12,4.14,1,204658
2598,5,5,1,5,9.92,4,546578
2231,3,2,2,12,1.62,3,448121
2095,5,5,1,22,6.32,4,464657
3904,6,5,2,19,19.73,1,759961
1736,3,3,1,19,5.83,0,353218
2453,3,2,2,11,2.92,3,520182
2120,4,5,3,12,12.39,3,474983
3089,6,5,3,1,1.24,2,696450
1163,3,2,3,20,3.03,2,248517
1891,3,3,2,23,20.38,0,315504
3784,6,5,2,22,19.52,2,753878
2236,5,5,3,15,22.96,4,498654
3599,6,5,3,22,21.51,3,717642
3752,6,5,1,5,17.4,3,800405
1298,3,4,1,18,2.26,3,256608
2760,5,5,1,20,19.79,3,521136
601,1,1,3,12,21.29,0,99704
1241,1,1,3,16,20.18,3,211305
2867,6,5,3,22,13.2,3,621935
2189,3,2,1,8,6.59,3,437530
1454,2,2,2,16,21.29,1,231780
2359,3,4,3,28,18.45,3,436448
3896,6,5,2,1,24.54,3,754046
3032,5,4,2,18,4.74,1,592708
2261,5,4,2,18,6.42,4,504588
1753,3,4,1,23,6.08,3,371335
1676,3,3,2,6,20.02,2,337900
2307,5,5,3,21,5.49,1,457358
3377,6,5,1,9,2.6,1,702991
2295,4,4,3,9,24.97,2,428160
2333,4,5,3,26,1.6,2,512270
2039,4,3,1,19,21.05,3,373745
2894,6,5,3,8,9.77,1,598665
1435,1,2,3,16,21.2,0,235495
802,1,2,1,26,14.31,1,100936
3855,6,5,3,14,22.64,2,792294
722,1,1,2,1,23.23,2,105303
1000,1,2,3,29,1.22,0,149075
1366,2,1,2,3,2.81,3,246701
893,1,2,3,18,7.01,1,166104
2927,4,3,1,16,17.06,3,546501
3531,6,5,1,4,22.32,1,677361
797,1,1,3,6,12.04,0,169164
3629,6,5,1,17,15.57,2,734924
2530,4,5,3,20,5.52,3,528795
3399,6,5,1,21,20.32,4,699966
2791,6,5,2,26,24.22,2,558190
1208,2,1,3,6,7.45,2,232082
3872,6,5,2,16,12.88,1,752415
1747,4,4,2,6,3.07,4,421679
786,1,1,3,3,14.42,2,159067
3997,6,5,2,7,13.07,4,824214
3111,6,5,3,12,4.47,3,655110
2394,5,5,2,3,11.61,3,537358
1259,1,1,3,5,9.02,2,228970
3411,5,4,3,24,13.52,3,667900
3602,6,5,1,4,15.06,4,774178
2555,4,3,3,29,1.2,2,495783
3050,5,5,3,11,19.26,4,593520
1969,4,5,2,3,18.11,3,402649
2586,6,5,3,23,9.79,4,574285
2134,5,5,1,28,2.27,4,463674
746,2,1,2,8,19.12,3,135462
3819,6,5,2,3,23.92,3,758898
3511,6,5,1,18,6.76,4,734167
2334,4,4,2,23,8.76,1,445117
2443,4,5,2,13,5.41,3,525533
1088,2,2,2,4,14.85,3,207514
3576,6,5,2,17,4.72,1,716786
2559,5,5,1,9,9.55,4,536270
2263,4,3,1,24,17.73,2,413371
3198,5,5,2,18,14.44,4,644783
2985,4,5,2,11,10.28,4,618949
3519,6,5,1,17,11.09,2,636972
1240,3,4,1,16,14.49,2,235066
2402,3,4,1,29,1.14,1,455748
3120,5,4,2,23,2.88,3,665441
2569,5,4,2,10,22.15,2,491519
2798,4,5,3,2,2.87,4,617155
2038,5,5,1,22,17.96,4,448820
3969,6,5,2,16,23.08,3,752000
2234,5,5,1,0,7.5,3,511999
862,1,1,2,14,9.89,0,128334
2387,3,2,1,27,14.65,0,406767
2791,4,5,2,8,22.16,4,543997
2993,4,4,3,14,23.61,4,566882
1223,3,3,3,27,18.75,0,271578
1616,4,3,1,23,3.08,1,348109
1480,2,3,2,27,17.06,2,279814
2649,6,5,2,28,10.85,2,552959
3544,6,5,1,2,12.3,3,707194
1927,3,3,2,21,2.18,0,388899
2901,5,5,1,26,5.59,4,614458
1052,2,2,2,18,19.97,0,155352
3708,6,5,1,12,11.9,4,777946
1783,4,4,2,11,8.24,4,408046
3662,6,5,1,19,10.22,4,780260
2656,5,4,2,0,21.51,4,544704
3904,6,5,3,20,18.98,2,747807
3770,6,5,2,16,7.54,1,758287
2282,5,4,1,12,3.82,3,522831
3463,6,5,3,0,7.05,4,715671
2855,5,5,2,9,23.1,4,538832
1754,2,3,3,14,14.96,2,337587
1003,1,1,2,26,13.8,2,143088
2799,6,5,3,26,15.31,4,577354
2701,4,3,1,29,9.78,3,531026
3791,6,5,2,6,20.37,3,755588
2296,3,2,2,27,13.56,1,374199
1227,3,3,1,21,3.8,2,295649
1186,2,1,3,17,4.1,0,206835
2248,4,4,1,15,13.88,1,422199
2043,3,3,1,13,23.48,0,388354
2045,4,4,3,26,8.4,4,415610
703,2,2,1,27,21.87,0,86032
853,2,2,2,17,19.34,1,153015
3898,6,5,2,26,6.95,1,796411
3783,6,5,2,6,1.87,4,799530
3157,5,5,1,16,3.44,2,680779
2096,4,4,2,28,18.48,1,349604
698,1,1,2,17,5.79,1,137755
2800,4,5,2,11,9.91,2,556889
2484,5,5,2,7,13.04,4,563985
3561,6,5,2,21,18.41,4,713500
2519,6,5,2,29,3.72,2,519021
1477,3,3,1,1,10.75,0,321116
937,1,1,2,6,12.64,3,194243
3469,6,5,2,3,13.98,2,734797
3834,6,5,3,17,20.64,3,741746
1556,4,3,1,27,5.12,3,308659
2304,4,3,1,5,20.39,4,459358
760,1,2,1,26,17.63,0,94714
2203,4,3,1,8,14.34,3,459854
3448,6,5,2,26,17.79,3,639761
997,2,3,2,8,10.89,2,218366
1900,3,4,3,13,4.32,0,391060
1415,1,1,3,7,16.98,0,228469
2127,3,2,1,18,13.59,3,382830
2519,6,5,3,2,16.34,4,556449
2015,3,4,3,17,9.11,2,337958
1758,3,3,1,4,22.76,0,315894
1818,2,2,1,13,15.1,1,309023
1000,3,2,3,27,3.05,2,219055
1239,2,3,2,29,11.8,3,209809
3704,6,5,3,3,19.15,1,750617
3335,6,5,3,6,20.06,4,725025
1059,1,1,2,19,12.87,3,198267
1554,4,5,2,24,22.47,1,318825
1069,3,4,1,27,7.42,2,208082
1645,3,4,1,11,10.85,0,341760
3397,6,5,3,1,22.57,3,699142
2293,4,4,2,10,22.51,4,454798
2685,5,5,1,13,17.46,1,546073
2877,5,5,3,21,21.62,2,554180
1162,2,2,2,22,3.13,2,257760
3085,5,5,3,15,21.76,2,609077
2399,4,3,1,19,8.69,3,487307
3954,6,5,1,28,5.28,1,809272
2674,4,3,2,5,6.74,2,570973
825,2,2,3,22,11.03,0,120261
3948,6,5,2,3,7.03,3,834977
1397,2,3,1,14,8.69,2,291094
2931,4,5,1,23,4.24,3,607437
3526,6,5,3,24,8.11,3,699194
1559,4,4,3,0,14.73,4,349019
2104,5,5,3,6,11.6,3,493411
1052,2,3,2,24,9.32,1,181484
3667,6,5,3,11,18.91,3,738746
1415,1,1,3,9,22.44,0,262837
1258,1,1,1,4,19.16,3,218164
1146,2,3,1,11,8.97,1,214304
1815,3,3,3,17,18.87,3,332907
3720,6,5,3,9,4.65,4,796454
616,1,2,1,5,4.13,3,113457
3843,6,5,3,27,9.3,1,758693
1843,4,3,2,11,20.38,4,379144
2805,4,5,2,6,6.91,4,622062
3124,5,5,2,17,2.52,3,667130
1669,2,2,3,1,4.16,0,331318
3165,5,4,1,9,21.61,2,641548
2746,4,4,3,14,16.21,2,537869
2368,3,2,3,29,7.08,1,414865
1660,2,1,1,11,14.33,0,287199
2927,4,4,1,25,13.66,2,583803
3144,6,5,1,16,16.73,1,632764
901,1,1,2,3,6.6,2,182730
780,2,3,3,6,21.75,2,191644
1206,2,3,1,29,8.42,0,181112
3770,6,5,3,8,17.66,2,740568
1299,2,2,2,18,1.39,0,221723
1592,3,3,2,27,9.94,0,303632
1739,3,4,1,26,9.44,3,343469
790,2,3,1,22,14.04,0,164974
2900,5,5,3,6,2.75,4,643369
1580,3,2,1,22,19.96,2,268396
3575,6,5,3,1,6.23,4,772575
2606,4,3,1,5,17.25,1,510434
1784,2,1,3,17,20.28,2,276624
3927,6,5,3,5,14.49,4,867586
3994,6,5,3,12,18.78,1,804757
727,1,1,3,25,16.88,2,106800
2665,6,5,2,18,9.53,4,583943
2416,3,2,3,29,20.41,0,431748
2358,4,4,1,1,8.07,1,492988
3213,6,5,2,11,14.71,2,649795
1169,3,4,2,14,18.89,1,245629
1946,2,2,3,13,10.09,3,385314
2495,3,4,2,5,8.27,3,498862
3333,6,5,3,17,12.02,4,721780
1225,1,1,1,4,20.63,0,204107
3959,6,5,3,17,23.32,4,798076
3501,6,5,2,2,14.08,1,752858
2286,5,4,1,2,16.88,4,488157
3609,6,5,3,21,22.68,1,710099
754,2,1,1,21,3.37,0,150680
3137,5,5,1,9,6.57,2,636522
2009,3,4,2,18,18.01,2,385681
1384,1,2,1,2,20.77,0,240090
3775,6,5,2,28,21.57,4,713238
845,1,2,1,11,10.96,1,197032
3847,6,5,3,28,3.14,4,759034
3710,6,5,1,15,11.51,4,729317
2100,4,4,3,16,6.54,1,466204
2305,5,4,3,6,7.99,1,515185
3406,6,5,1,12,19.53,3,664500
1137,2,1,3,23,2.81,0,223685
2490,4,3,1,1,20.86,1,515337
2441,4,3,1,3,11.26,3,500754
1520,3,4,3,9,15.31,3,376456
3055,6,5,3,6,3.15,3,639118
1124,1,1,2,23,9.1,2,201496
3475,6,5,3,16,3.15,3,757530
2129,3,2,2,19,24.08,1,390386
3550,6,5,3,5,20.37,4,729672
635,1,1,1,18,12.03,1,86431
1284,2,1,3,4,6.37,1,272262
619,1,2,1,9,23.4,0,100435
2968,4,4,1,8,9.27,3,612749
3159,6,5,1,26,4.86,3,669701
999,1,2,2,12,14.52,1,154402
3301,5,4,3,18,23.65,1,626324
1571,3,2,1,20,1.09,0,288799
2506,4,3,1,23,6.71,1,476437
3118,6,5,2,5,23.52,4,665004
1766,4,3,3,3,5.11,2,400319
1715,4,3,3,23,3.72,4,421897
1433,3,3,2,26,14.68,0,263448
2423,4,4,2,2,21.68,1,484973
3374,6,5,3,2,12.45,1,712543
2582,5,4,2,3,24.87,3,511763
1453,3,2,3,24,17.3,1,260783
650,2,1,3,4,2.78,2,182995
1174,1,2,1,7,24.83,3,198439
3861,6,5,1,15,10.79,3,764030
1748,4,3,3,21,7.9,2,343838
2797,6,5,3,2,14.39,3,601675
2961,6,5,3,23,8.3,1,614357
3217,6,5,3,11,3.07,4,723291
2952,4,5,3,24,1.03,4,585490
2315,5,4,3,7,11.79,1,487223
1281,1,2,2,12,21.08,0,211306
1437,3,4,3,3,14.74,0,271005
1677,4,5,2,13,24.98,2,321728
3650,6,5,2,13,7.88,3,742142
3091,5,5,3,12,7.73,4,638000
3260,5,4,3,26,4.83,3,660977
3640,6,5,2,5,4.94,1,760608
2911,6,5,2,16,7.84,1,599194
3724,6,5,3,3,20.03,3,773319
2195,4,4,3,7,22.74,4,484581
3651,6,5,2,16,24.4,2,747165
604,1,1,2,2,6.57,2,92124
1726,3,2,2,16,22.15,0,315921
1819,4,3,1,8,8.88,1,375099
1373,1,1,2,1,3.71,1,275323
1476,3,4,1,24,21.88,2,258954
1591,4,5,3,12,16.27,2,349191
3531,6,5,3,19,4.95,2,735208
646,1,1,2,1,11.32,3,122560
3514,6,5,3,19,7.89,4,713312
3470,6,5,3,27,18.68,1,668766
3583,6,5,3,10,11.88,3,749865
3303,5,5,3,26,24.74,4,649039
868,1,2,1,25,2.31,0,164186
969,1,1,1,21,9.52,2,146996
1235,2,1,2,14,12.57,0,223836
1729,4,5,2,10,13.08,4,403310
2293,5,5,2,22,8.58,1,499891
2282,5,5,3,2,18.5,3,496583
1256,2,3,3,2,21.99,2,245681
719,2,1,1,27,23.53,0,82682
1430,1,1,1,25,20.32,2,189265
2410,5,4,2,11,21.41,1,476607
1681,4,4,1,23,14.21,3,351551
2574,6,5,1,4,20.82,1,549518
1969,2,2,1,19,8.28,0,348954
1340,2,1,1,6,10.56,0,252434
716,1,1,1,6,8.61,1,115166
2453,4,5,2,12,12.22,3,523169
3438,6,5,2,8,7.85,4,727583
1750,4,5,1,24,24.08,1,322320
2531,5,4,2,20,8.51,2,511325
1612,2,1,3,12,3.35,3,323202
2264,3,4,1,11,13.64,0,427782
1681,3,3,3,12,2.37,3,380002
1233,3,2,2,23,3.65,1,238234
1112,3,3,2,9,6.27,3,287979
3449,5,4,3,0,12.14,1,736844
1719,4,3,2,24,11.4,4,330789
1741,3,2,1,7,20.19,3,332894
1159,2,1,3,21,18.75,0,173606
1087,1,1,1,15,11.23,1,173167
3908,6,5,3,12,9.01,2,842468
1496,1,1,2,2,8.6,3,284928
3943,6,5,3,2,19.58,3,813784
1812,2,2,3,23,2.25,3,364986
1303,3,4,1,4,1.31,2,286907
2070,4,5,2,25,20.09,4,391818
1180,2,2,1,10,12.45,1,197379
3437,5,4,2,29,4.14,4,667160
3508,6,5,1,6,6.65,4,685139
2894,5,5,3,20,23.38,3,582051
3747,6,5,1,23,21.63,2,762783
753,1,1,2,9,18.03,2,126936
2279,5,5,2,9,12.57,4,469254
1596,2,2,3,19,13.49,0,273944
3757,6,5,2,1,24.41,4,754762
3344,6,5,1,2,24.18,4,663208
3956,6,5,3,7,6.17,3,845443
1843,3,2,2,10,20.47,0,354005
1692,2,1,2,12,5.73,0,293990
3718,6,5,1,6,6.12,3,791501
1608,4,5,1,12,17.23,2,368516
2741,5,5,3,1,10.72,1,627491
2373,3,3,2,5,23.36,0,500224
1557,4,4,1,8,3.14,3,340940
3659,6,5,3,19,13.28,2,795044
1052,1,1,2,24,23.04,1,134195
1827,4,3,2,1,22.7,4,368110
3559,6,5,3,17,4.76,4,755141
2865,6,5,3,15,9.8,3,600958
3121,6,5,1,24,15.86,2,627040
3079,5,4,2,11,4.83,3,615658
2988,6,5,2,6,24.23,4,613604
1150,1,2,2,6,22.95,2,223811
2235,3,4,3,16,5.01,2,458138
1912,3,3,1,12,3.91,0,386171
3925,6,5,2,10,3.05,1,820905
2357,5,5,3,5,22.83,1,513513
956,2,1,2,28,5.65,3,139675
2670,6,5,1,22,10.99,3,566310
2385,5,4,2,26,11.77,1,467397
3169,6,5,1,13,15.38,1,644492
2381,3,4,1,5,2.72,0,509839
3771,6,5,2,5,6.44,4,772516
3449,5,5,2,1,23.36,4,678347
3851,6,5,1,21,22.8,3,706371
3894,6,5,3,19,19.75,3,760936
3409,6,5,1,24,1.47,3,730288
3089,5,5,2,14,8.85,1,628908
2231,4,5,2,27,16.07,2,408137
3416,6,5,3,16,7.6,4,708966
1615,4,3,1,28,22.83,1,254282
1948,2,1,1,7,16.21,0,322216
1115,2,3,1,4,2.73,2,258016
3687,6,5,2,16,22.82,3,704542
3439,6,5,1,19,23.99,1,685792
935,1,1,3,0,2.87,3,208137
2382,3,2,2,21,13.78,3,445411
2905,6,5,2,17,8.28,1,601272
1096,1,1,1,14,10.43,1,199876
1495,1,2,3,4,5.31,1,315143
2807,6,5,2,6,14.87,4,611221
1451,3,2,2,17,23.99,2,268995
2287,4,4,1,5,13.07,2,466778
2531,6,5,1,21,2.99,2,553944
3337,6,5,3,20,15.88,3,671142
3027,6,5,1,4,9.17,2,645564
2168,4,3,3,29,21.54,1,389167
1556,4,5,2,18,11.43,2,327075
3338,5,4,3,9,5.63,3,681297
2236,4,3,3,14,5.59,1,470653
1891,2,3,3,9,19.45,1,381192
2040,3,3,2,26,7.37,3,418882
1791,4,5,1,15,19.41,1,332928
1666,2,3,2,11,5.94,0,355284
884,1,2,1,17,8.72,3,154816
3044,6,5,3,22,12.17,4,645594
611,1,1,3,0,23.64,1,83575
2230,3,4,3,15,23.36,1,422019
3973,6,5,3,21,5.96,3,816994
3924,6,5,3,5,9.6,3,788927
3146,5,5,1,2,4.59,1,675265
1353,2,1,1,1,13.24,3,291478
2682,4,4,3,27,12.05,4,525667
3374,6,5,2,1,22.62,3,721783
3496,5,4,2,29,23.32,1,641346
689,1,1,3,12,10.21,0,137591
1375,2,3,1,8,12.8,2,226528
3252,6,5,2,15,22.51,3,700215
3617,6,5,2,26,20.36,3,735249
2225,3,2,2,4,1.09,1,452627
3669,6,5,3,22,8.68,1,701618
1017,3,3,2,27,11.12,0,196080
714,1,1,2,20,6.51,0,86621
1216,2,1,2,6,5.79,2,257197
3867,6,5,2,12,1.91,3,816471
1425,3,2,1,19,16.44,2,241291
2249,4,5,3,23,7.3,3,493139
2116,4,3,3,28,2.26,4,453471
3746,6,5,1,26,6.54,3,770716
1012,3,2,1,29,20.25,1,159337
1328,2,3,3,25,21.44,3,205349
3948,6,5,2,12,12.59,4,825017
3668,6,5,2,26,10.99,3,727852
3408,6,5,3,25,24.47,1,630204
1275,2,2,2,6,5.81,2,293920
2492,3,4,1,9,6.17,0,537708
3104,5,5,2,14,8.0,3,642895
3567,6,5,2,20,5.15,3,778942
2839,6,5,2,26,10.1,1,579646
3386,6,5,3,5,22.86,1,679650
1722,2,3,1,4,15.77,0,312810
2171,5,5,2,22,10.89,1,482741
1577,3,3,3,27,23.43,1,259897
1608,3,2,2,1,2.16,0,360325
2743,5,5,1,20,6.05,3,557456
2287,3,3,2,14,14.58,2,430293
3310,6,5,1,25,15.77,2,672364
3861,6,5,2,15,1.95,1,786979
636,2,3,1,18,10.67,2,119044
2148,4,3,2,8,16.58,2,454136
2926,4,5,1,28,17.75,3,586127
2864,6,5,2,21,16.32,2,594273
3514,6,5,2,28,8.69,2,690044
1472,2,1,3,25,3.24,3,269767
2421,3,2,3,18,11.25,3,466878
1896,2,3,1,6,4.09,0,383518
2709,4,3,2,3,23.74,4,513882
1195,2,1,1,29,12.4,1,202260
2503,4,3,3,2,8.61,3,531030
1328,2,3,1,23,19.39,2,192445
1965,3,3,1,28,12.95,0,332221
996,1,1,3,19,8.44,3,170817
1298,3,3,2,10,20.49,0,246202
3690,6,5,1,0,21.81,2,783365
2824,4,5,3,5,17.15,4,590283
2235,4,5,2,25,2.13,1,445724
995,1,2,3,10,14.59,2,190332
3092,5,5,1,26,19.32,3,588878
3904,6,5,2,0,4.28,1,826655
675,1,2,2,20,6.49,0,128131
864,2,3,3,6,22.18,0,189344
3102,6,5,3,5,1.48,2,682414
2419,3,3,3,13,19.07,1,489559
1317,2,3,2,1,12.37,2,294980
3382,5,4,2,26,11.72,2,642171
1450,1,1,1,3,1.17,1,327357
1990,3,4,2,10,20.67,3,398399
743,2,2,1,14,9.64,1,125757
1484,1,2,3,17,13.98,3,301718
3740,6,5,3,26,17.26,2,776235
3770,6,5,2,0,17.86,3,776219
995,2,3,3,2,23.94,0,181146
3696,6,5,3,2,13.75,3,770332
3595,6,5,2,27,10.59,2,729714
3538,6,5,1,6,23.89,1,726617
2092,4,3,2,0,16.41,1,441149
3822,6,5,1,24,8.16,1,758674
1767,4,4,2,10,4.04,4,430940
3216,6,5,2,5,21.22,3,656683
1662,4,5,3,19,9.69,4,390898
2756,5,4,2,2,16.85,1,559618
1665,4,5,2,18,12.3,3,366720
1809,4,3,1,1,5.77,3,399308
3582,6,5,3,17,15.44,2,722262
3045,5,4,1,29,2.46,4,605132
3894,6,5,1,11,10.92,4,822477
1233,3,2,3,28,14.12,1,208041
1756,2,2,3,9,11.47,3,331835
3834,6,5,3,4,18.97,1,819599
1838,3,3,2,8,20.87,0,366656
1332,2,3,3,1,19.51,3,226537
834,1,1,3,1,1.93,1,172454
3305,6,5,3,27,5.66,3,645840
1350,2,2,1,5,13.88,3,245726
3235,6,5,1,28,23.44,3,559649
3680,6,5,2,9,21.04,2,734080
3745,6,5,1,17,21.22,3,712321
1553,3,2,2,11,8.28,1,313678
3139,6,5,1,3,11.31,2,630397
3560,6,5,3,21,12.3,1,717358
3924,6,5,1,20,4.78,1,779461
3901,6,5,2,16,1.75,2,834719
2142,5,5,1,14,23.73,4,466327
1797,2,1,3,5,6.78,0,365106
2276,5,4,2,15,6.76,2,477127
1791,3,3,3,16,3.0,2,415087
2817,6,5,3,2,23.28,3,565439
2016,4,5,2,9,14.91,4,405488
3593,6,5,3,4,17.01,3,744044
3442,6,5,3,13,22.88,3,738380
3281,6,5,1,25,9.29,2,655453
1817,3,4,3,28,15.92,2,340555
2140,4,4,3,20,1.93,3,429501
2676,4,3,3,12,5.48,3,570638
3836,6,5,3,25,20.95,3,769143
2045,3,3,2,5,19.4,1,411581
2986,4,5,1,11,9.42,3,594555
2119,4,4,3,25,10.04,4,420705
1988,2,1,3,7,13.81,0,340857
2456,5,4,2,4,1.01,4,553737
1965,3,3,3,29,6.79,0,350011
1099,1,1,2,14,6.0,3,183271
2280,4,3,1,26,7.01,1,429906
1110,2,2,1,15,20.34,0,171836
3998,6,5,3,0,7.71,1,824460
816,1,1,3,15,5.6,0,157508
1924,4,4,3,4,13.1,2,418700
1755,4,4,2,2,21.78,4,369576
2427,3,2,3,19,6.79,0,465440
3741,6,5,3,14,2.88,4,769789
3923,6,5,1,12,9.55,3,800145
2410,3,2,3,23,18.94,0,431432
3092,5,5,1,15,14.22,4,596559
3523,6,5,3,22,20.6,2,714853
1805,2,1,1,10,24.03,3,293211
2814,5,4,3,20,20.02,1,549286
690,1,2,1,1,15.49,2,156008
1313,3,2,2,21,12.84,3,271673
2481,3,4,1,26,1.96,2,485346
638,1,2,1,5,24.62,1,87850
3797,6,5,1,25,10.2,4,777510
772,1,1,3,25,4.65,3,152653
1252,2,2,3,29,17.0,1,194492
1353,1,1,3,26,7.82,1,212002
1843,4,5,2,5,15.06,2,358672
1681,3,3,2,13,15.08,0,326000
2283,3,3,1,24,11.7,0,414886
3123,6,5,2,10,21.07,4,665723
1055,2,2,1,7,7.36,3,228861
1428,2,2,1,7,11.77,3,306684
1494,3,4,1,0,13.9,2,308172
1984,4,5,2,20,16.93,2,422023
2558,6,5,3,6,19.82,4,544221
3672,6,5,2,5,10.48,2,778051
3034,5,4,1,20,16.51,1,554924
2596,6,5,1,7,4.61,2,577262
2995,5,5,2,18,23.38,3,547646
789,1,2,1,21,10.19,2,125797
1104,1,1,1,20,18.51,1,169507
1814,3,3,2,23,1.49,2,356620
2131,4,5,2,19,5.92,3,432231
1423,3,4,2,7,12.69,0,315182
1528,3,4,1,25,22.08,3,276310
1533,2,2,1,13,13.65,2,272348
1740,4,4,3,17,23.32,4,352897
733,2,1,3,24,12.61,1,174453
2705,4,4,2,28,12.77,2,540430
1284,3,3,3,15,3.87,2,307131
3319,6,5,1,8,20.26,2,678610
2820,4,4,3,14,6.93,1,575069
2452,5,5,1,29,22.59,3,421758
1414,1,2,2,25,22.86,2,203720
1772,2,2,2,9,23.64,2,306568
679,1,1,1,28,13.49,1,44742
3533,6,5,3,21,17.25,2,681791
3884,6,5,2,15,19.68,3,731643
802,2,1,2,3,4.14,3,184813
3411,5,5,3,19,15.42,2,694015
1852,4,5,3,12,1.82,2,444855
2299,3,3,1,21,12.94,2,437735
1850,2,1,3,4,4.72,3,357292
2282,5,4,3,21,5.39,3,448838
2155,3,4,3,6,9.76,1,411242
2694,5,5,1,22,11.38,3,520780
1856,4,3,1,8,15.96,3,361382
3976,6,5,2,7,2.79,3,830405
2149,5,4,1,28,13.09,4,411356
1766,2,3,2,15,5.38,2,357399
1996,4,5,3,5,14.78,2,428574
3930,6,5,2,27,16.3,3,768510
3303,5,5,2,15,14.36,4,692125
1070,3,2,3,5,18.72,0,191055
3618,6,5,2,13,9.05,4,760014
1635,4,4,1,20,19.36,3,322300
1953,3,3,1,0,11.39,0,387090
3383,6,5,1,24,12.62,3,694405
3431,6,5,1,8,16.55,4,723060
1567,2,1,2,24,1.44,0,266250
957,1,1,2,26,16.7,0,126216
3619,6,5,3,23,15.85,3,729844
1267,1,1,2,12,8.44,2,225719
972,1,2,2,25,3.06,3,193040
1631,4,3,2,28,3.18,3,344843
1745,3,2,3,18,23.16,0,344431
1971,3,4,1,16,17.54,1,342094
3323,6,5,2,10,4.05,2,702591
689,1,1,3,27,9.56,3,93229
3345,6,5,3,27,15.22,3,682242
3987,6,5,3,7,21.05,4,775716
3849,6,5,1,22,2.05,2,787646
1139,1,1,2,28,6.68,1,171059
3379,6,5,3,4,22.35,3,681836
1468,3,3,1,9,1.22,0,284370
640,1,1,3,6,5.83,2,128238
1339,3,3,3,9,24.02,1,280170
2546,4,4,3,3,15.72,1,520836
3149,5,5,3,8,7.28,4,683813
3606,6,5,3,26,2.61,2,773152
3816,6,5,1,25,1.68,4,784295
1824,3,4,2,13,6.87,0,361904
1528,3,4,2,1,22.16,3,328565
2636,4,3,2,24,10.98,2,495634
3108,5,5,2,8,18.29,3,622771
3379,5,4,1,20,23.04,4,614742
3399,6,5,1,26,10.79,2,694765
1524,2,3,1,0,5.59,1,312419
3556,6,5,3,22,13.41,1,714901
2181,3,4,3,9,22.79,1,399780
3924,6,5,3,9,20.3,3,799938
989,1,2,2,19,2.58,2,175121
2217,5,5,3,24,17.62,4,455985
3530,6,5,2,21,14.73,4,729996
855,1,1,3,28,22.78,3,129155
1308,3,4,2,2,3.94,3,314119
2438,3,2,3,5,13.82,2,443337
2544,5,4,3,28,22.11,1,542556
3097,6,5,1,25,10.84,4,666197
609,1,1,3,5,12.57,0,126433
3471,6,5,3,20,2.69,2,709335
1397,3,4,1,1,7.68,1,309328
3913,6,5,2,25,8.79,4,776391
3922,6,5,1,25,23.68,2,771377
1476,1,2,1,17,7.78,0,262870
1628,3,4,2,22,12.06,0,298236
3790,6,5,3,1,17.11,2,772064
1615,2,3,2,11,4.89,3,356843
2424,4,3,3,21,12.67,1,502481
973,1,1,3,4,18.72,0,197266
3736,6,5,2,19,21.8,3,749520
2793,4,3,1,6,16.03,4,549627
823,1,2,2,23,17.06,2,60689
1862,2,2,3,15,4.03,1,369543
2824,4,5,2,19,23.7,2,538383
2402,3,2,2,0,4.18,2,496799
1452,2,2,3,0,19.59,3,290257
3953,6,5,1,16,7.36,1,767294
662,1,1,2,26,23.41,1,78488
1840,3,3,3,0,18.28,3,394284
3474,6,5,3,20,19.09,4,713786
3442,6,5,2,19,6.26,2,727471
1288,1,1,1,12,11.63,1,231661
2084,5,5,2,29,15.83,4,417759
2233,5,5,1,8,19.48,1,458563
2752,5,5,1,14,3.5,3,586182
3770,6,5,1,2,24.1,2,754553
1110,2,2,1,13,22.37,2,208524
984,1,2,2,22,7.49,3,192013
1004,3,4,3,10,20.75,2,256766
3470,5,5,3,23,13.44,1,726349
1117,3,4,3,21,12.08,3,241992
1075,1,1,3,11,8.55,0,118166
2600,6,5,3,12,14.94,4,587856
3356,5,5,3,25,18.52,1,637732
2268,3,3,2,12,10.86,3,434490
2493,5,5,1,0,16.1,1,517571
3418,5,4,3,23,17.78,4,659247
2060,3,4,2,9,18.07,0,411405
3694,6,5,3,2,2.25,4,769231
3644,6,5,3,23,21.63,1,687605
3324,6,5,1,27,12.0,2,665683
1313,1,1,1,3,7.3,2,262698
682,1,1,1,15,6.8,3,136490
1768,4,3,3,7,12.59,1,357819
3756,6,5,3,15,22.28,2,724454
3749,6,5,3,26,10.08,4,748527
3104,5,5,1,16,18.99,4,622537
2501,4,5,2,18,3.32,4,560249
2648,5,4,3,21,12.43,3,498331
650,2,3,3,14,24.8,0,104985
1284,2,1,3,15,19.49,0,189986
1316,3,2,2,14,6.05,3,244735
2069,5,5,3,24,13.03,4,460699
1048,3,2,2,1,6.61,3,258812
1480,3,2,3,10,10.83,1,309728
1087,3,3,2,0,19.72,3,256640
2423,5,5,3,14,19.51,3,493525
2681,6,5,1,25,6.47,1,544487
2742,5,5,1,18,23.13,3,581014
3743,6,5,1,3,15.22,4,766868
2174,3,3,1,10,10.12,1,439782
2801,5,5,3,4,13.05,4,603207
849,1,2,1,2,15.52,3,126814
1273,2,2,2,12,14.44,3,203367
1037,2,2,1,9,12.67,3,193240
2765,6,5,1,10,13.12,4,610582
1370,1,2,1,17,5.23,0,259405
3977,6,5,3,1,20.51,3,830621
867,1,2,1,6,14.0,1,136319
2584,4,4,2,8,4.15,4,583137
1677,3,3,1,9,19.39,1,299282
835,2,3,1,17,23.38,0,135296
988,1,1,1,22,23.74,2,130152
3637,6,5,2,6,9.86,4,760462
1362,1,1,1,26,4.25,0,249431
2448,4,3,2,6,13.44,1,476657
3048,6,5,2,2,3.7,3,645247
1223,1,1,1,11,23.42,3,194199
3414,5,5,2,6,5.41,3,708703
3974,6,5,3,16,7.07,3,883727
3566,6,5,1,25,10.76,2,721390
3878,6,5,1,0,10.2,2,794453
1852,3,4,2,4,20.07,2,352097
3500,6,5,2,15,11.95,2,675994
1177,2,3,1,14,5.1,0,213155
2722,5,5,3,1,7.41,3,602938
1034,1,1,2,8,13.22,3,218226
2750,6,5,2,6,4.54,4,637353
1363,2,2,3,3,15.68,0,269061
3385,6,5,3,19,14.58,4,688176
3453,5,4,1,17,18.15,4,678116
1929,2,2,3,20,23.5,2,322847
2745,6,5,1,3,22.89,1,599187
3445,6,5,3,27,23.71,3,667396
1958,4,3,2,12,6.87,1,404973
3506,6,5,1,0,4.16,3,707443
3082,6,5,1,27,8.25,3,622851
1046,1,1,1,23,22.48,1,154549
2617,5,4,3,2,24.33,4,521045
1931,4,4,2,15,21.62,1,360825
848,1,2,1,29,3.64,3,162714
765,1,2,1,21,23.74,1,66186
3631,6,5,1,3,11.16,1,768916
1958,3,4,1,24,1.22,1,380357
1619,3,4,2,22,11.62,3,317408
1141,1,2,3,24,2.11,2,193682
1358,2,1,2,15,14.05,1,247400
3777,6,5,1,25,9.13,2,798297
2728,5,5,2,18,12.36,3,576949
2780,4,4,1,0,15.72,4,552674
1396,3,4,3,4,21.85,1,311292
3547,6,5,3,18,16.89,4,714346
737,1,1,3,21,11.42,2,148809
2831,4,3,1,23,20.67,1,530873
1953,4,5,2,10,22.73,2,338217
3432,6,5,3,12,3.87,4,714938
2475,4,3,1,19,13.77,3,497347
3631,6,5,1,4,7.83,3,763953
668,2,3,2,20,2.13,1,127504
3193,5,5,3,3,17.05,1,642468
2700,4,5,1,3,21.71,2,500955
2073,5,4,2,3,4.91,4,475052
804,1,1,3,3,20.5,2,186433
2773,4,4,2,19,21.48,1,537778
642,1,1,2,20,22.94,3,125488
2506,5,5,1,17,7.37,2,541487
2758,4,4,1,17,22.69,3,543109
1360,2,3,1,15,8.7,1,301381
3854,6,5,2,8,14.26,1,786745
3495,6,5,1,17,2.21,1,716435
2742,6,5,2,21,2.05,1,604613
2594,6,5,2,1,18.29,1,583916
2535,6,5,1,20,11.67,1,514360
1499,2,2,3,3,7.15,1,295588
959,1,2,3,11,5.57,0,190757
3547,6,5,3,6,17.08,1,742929
2319,3,4,2,14,1.01,2,496361
880,1,2,2,6,20.34,0,118236
3866,6,5,2,28,2.9,3,820312
2487,3,2,1,21,5.6,2,457136
3866,6,5,2,25,10.27,3,766538
1266,2,1,1,20,12.64,1,195546
692,1,1,1,16,9.52,1,164486
1271,1,2,3,15,8.7,3,248721
2569,6,5,3,27,24.13,4,499640
660,2,3,3,18,16.4,2,147278
3281,6,5,1,8,1.56,2,715842
3722,6,5,1,13,11.32,1,745065
1628,4,3,1,16,22.0,4,334852
2089,5,5,2,4,8.23,2,455054
1203,3,3,1,1,3.27,0,263641
1281,1,1,3,19,19.2,0,158475
3181,6,5,3,15,15.54,2,627520
2028,5,5,1,13,14.69,4,473312
3485,5,4,1,13,2.29,2,741048
3292,5,5,3,26,4.37,4,677135
2880,4,3,1,0,15.94,3,608778
1123,3,3,3,2,5.99,1,262958
2993,6,5,2,25,13.1,2,600171
3717,6,5,3,6,14.08,4,776030
3193,6,5,2,25,7.8,4,657141
2568,6,5,1,14,23.76,2,514416
1701,2,3,1,18,21.22,0,312607
2353,4,3,2,19,18.34,1,447362
2436,5,5,1,1,2.87,1,554489
3744,6,5,2,18,3.55,3,794447
3441,5,5,1,8,12.83,3,706483
2896,4,4,3,18,4.86,4,576154
2694,6,5,1,26,24.48,3,498902
1744,3,3,3,4,4.8,0,376295
2861,5,5,3,17,12.7,2,583654
2886,4,3,2,15,9.74,3,573247
1679,2,2,1,3,16.35,2,317698
2997,6,5,2,11,4.1,1,692431
706,1,1,1,28,11.33,2,68815
3478,6,5,3,6,7.59,4,705061
647,1,1,3,13,22.31,1,97987
936,1,2,1,22,1.97,0,157011
1649,4,4,1,11,22.93,4,341781
3451,5,5,2,2,20.99,1,701877
1880,3,3,1,4,8.14,3,418802
2655,4,5,1,16,19.94,2,484875
1224,2,3,1,25,1.75,1,225185
2490,5,5,2,9,24.2,4,520875
1876,4,3,1,9,13.64,4,405309
2315,5,5,3,10,8.28,4,560008
3366,6,5,2,16,9.7,4,719594
902,1,1,2,4,2.59,3,192044
1238,1,2,3,12,24.74,3,192551
655,1,2,3,9,1.94,1,136234
1325,2,3,3,8,16.72,3,256205
1125,2,2,1,16,11.63,2,221344
1073,2,3,3,0,23.77,1,217739
627,1,2,1,3,6.9,0,101087
2725,5,5,2,3,13.77,2,567741
3887,6,5,2,17,12.58,1,792550
964,1,1,3,8,17.87,0,167813
3313,6,5,1,29,2.63,3,687952
1125,1,1,3,24,5.65,3,209858
3346,6,5,3,28,6.15,4,723508
1935,2,3,1,28,18.72,1,330580
1482,1,1,3,17,5.54,3,269459
1630,4,4,2,13,14.76,3,328064
1626,4,3,3,24,6.17,2,344332
2246,5,5,1,14,21.68,2,404105
1518,4,5,1,5,23.61,2,315834
3397,6,5,2,23,13.44,4,683963
3010,6,5,1,9,9.46,4,615090
2374,3,3,1,28,6.62,3,430514
2131,4,3,2,14,2.19,2,464393
3945,6,5,3,28,7.44,2,792834
3453,5,5,2,3,16.7,1,699675
3386,6,5,3,17,13.81,1,693486
2506,5,5,2,17,23.66,4,506112
3686,6,5,3,24,10.51,2,766317
1815,3,3,2,16,17.65,3,351868
2254,3,2,3,11,12.74,3,413575
1084,2,2,2,6,13.3,0,242122
2675,4,3,3,15,7.43,3,550546
1313,2,3,2,10,11.92,3,255714
1662,4,3,1,13,12.3,3,318991
2576,4,3,3,2,17.96,3,531678
1896,3,2,2,18,23.58,1,330776
1854,3,2,3,17,8.9,1,392902
2733,5,4,3,29,2.01,4,560501
725,1,2,2,9,12.91,0,112432
3459,5,5,3,5,14.07,1,723895
1136,1,1,2,12,5.04,3,236905
2792,6,5,1,9,19.25,4,586933
3883,6,5,3,17,24.64,1,768687
2672,4,3,1,25,23.7,3,484306
2203,4,4,3,19,5.73,4,472257
666,2,1,3,25,22.01,2,116659
832,1,2,3,15,17.91,3,158946
2756,5,5,2,24,11.89,4,558914
1769,4,4,1,24,13.97,3,378527
2758,5,4,3,5,21.39,3,517862
2875,5,5,2,12,12.52,1,629501
710,1,1,3,3,9.96,3,116260
2093,4,3,2,22,12.84,2,395518
2681,6,5,3,13,14.9,2,567461
1222,3,3,1,0,5.54,3,282950
3395,6,5,1,27,22.62,4,678488
3242,5,5,3,19,17.18,4,630543
3072,6,5,2,4,16.2,3,653775
3260,6,5,3,7,3.39,2,692955
2141,5,4,2,11,15.5,2,453782
3339,6,5,3,1,3.9,2,725424
1905,2,3,2,11,2.89,3,392478
3991,6,5,1,4,13.66,3,803061
2361,4,3,3,21,10.67,4,464938
2575,5,5,1,4,15.13,1,541985
2962,4,4,1,12,3.14,1,616754
1476,3,2,3,8,11.34,1,290034
2589,6,5,3,9,5.19,4,567764
1912,2,1,2,0,24.69,0,349049
2060,4,3,2,29,14.47,1,383709
3309,6,5,1,2,17.5,4,707229
2924,4,3,2,29,8.81,3,541084
2333,5,5,2,17,3.27,4,478311
2205,3,2,3,11,24.42,3,399899
2126,4,5,2,28,7.87,3,419612
3271,6,5,1,2,11.17,2,686864
3163,5,5,2,25,16.6,2,603903
3490,6,5,1,24,1.59,2,728840
2997,6,5,3,28,20.45,3,589796
2230,5,5,1,29,13.88,1,442149
3470,6,5,2,8,7.68,3,734392
1760,2,3,3,25,2.48,3,353239
1358,2,3,2,1,4.9,2,298657
3546,6,5,3,29,22.48,1,691032
842,1,1,3,2,17.46,0,132726
3190,5,4,2,13,7.0,4,686688
1663,3,4,2,3,2.57,1,366969
828,2,3,3,24,17.57,0,114669
3195,6,5,3,18,14.74,1,653381
1519,4,3,2,12,10.71,1,302976
1846,3,3,1,6,9.73,3,394126
605,2,2,2,11,6.2,0,174192
3993,6,5,3,2,17.07,2,800868
1067,3,3,2,22,24.3,3,199107
2355,5,5,1,22,5.22,2,458349
674,1,1,2,8,15.33,0,117738
603,1,1,3,1,11.18,0,101965
2470,3,3,2,28,11.72,1,440663
1245,1,2,3,21,7.1,3,211374
717,1,1,3,8,20.8,3,137103
3528,6,5,2,11,12.65,2,743386
2229,4,3,3,11,14.04,1,448107
3151,6,5,3,14,8.31,3,651271
2621,4,3,1,1,5.36,2,576350
1546,4,4,1,17,3.06,2,324651
3221,5,5,1,12,18.14,2,595259
2064,4,3,1,13,5.71,1,430767
793,1,1,3,4,17.56,3,126524
1446,2,2,2,25,10.37,0,271812
3362,5,5,3,9,10.98,2,685077
2015,4,3,3,11,12.26,1,424754
3697,6,5,3,9,9.83,1,791330
2058,5,5,2,23,3.41,2,422942
2820,4,3,1,10,8.43,1,545421
3971,6,5,3,24,16.93,3,782406
2268,3,4,3,1,16.98,0,486531
2973,6,5,1,4,7.87,1,621232
2033,4,4,3,29,12.04,4,397469
1741,4,4,2,6,5.64,4,408662
3483,6,5,3,5,6.05,2,730795
2410,4,5,3,21,1.55,2,513250
1323,3,3,1,22,22.52,3,206069
824,1,2,3,2,6.06,2,228486
1131,1,2,3,12,6.46,0,188705
712,1,1,2,2,7.71,2,141304
2787,4,5,1,25,4.06,3,560390
1158,1,2,1,24,16.34,3,223013
2648,5,5,2,29,2.8,2,519043
2737,4,4,3,23,4.22,1,588394
1253,2,3,1,20,16.47,1,234743
919,1,1,1,5,9.15,2,180961
2173,4,4,3,10,17.99,3,427467
2428,5,4,3,27,14.38,2,494202
2517,6,5,1,25,7.14,2,511810
738,1,2,3,16,16.62,3,155933
3492,6,5,1,9,3.79,2,713058
2626,4,3,3,11,13.87,2,521176
2906,4,5,3,16,11.49,4,583994
1501,3,2,2,3,7.43,1,297069
1289,1,1,3,1,15.5,2,257346
2639,5,5,2,10,21.91,2,544909
609,1,1,3,6,24.97,0,109860
860,1,1,1,1,15.59,2,119522
2542,6,5,1,25,10.71,4,552923
2273,3,3,3,17,6.4,2,503948
2819,4,5,3,20,7.17,4,573047
3545,6,5,1,3,12.51,1,767482
2660,5,4,3,7,9.81,1,554416
1791,3,4,2,19,22.93,2,306571
2219,4,3,2,13,9.84,2,444127
920,2,3,2,11,9.96,2,216144
1942,4,3,2,21,10.2,3,374896
2236,5,5,2,20,21.08,1,432313
2976,5,5,3,26,16.62,4,606310
3432,6,5,3,29,15.74,3,681841
3424,6,5,2,17,9.02,2,714472
2594,6,5,3,10,20.63,1,546416
3558,6,5,3,28,1.92,3,743192
2543,4,4,2,27,21.9,3,466793
2638,4,3,3,29,13.31,2,504354
1718,3,4,3,7,10.56,2,350072
2204,3,4,3,1,12.93,2,486128
2965,4,5,2,24,17.02,3,560974
835,2,1,3,14,1.31,2,204256
2569,5,5,1,8,21.92,2,514907
933,1,1,1,18,11.72,2,154539
2508,6,5,2,19,9.23,3,528580
975,1,1,1,7,4.32,2,169040
1760,2,2,2,24,11.55,0,272804
3235,6,5,1,18,12.91,2,633373
2170,3,3,1,4,10.69,0,421741
3160,6,5,1,10,17.29,1,644457
1919,4,3,2,14,11.1,2,412427
3991,6,5,2,7,24.07,1,776824
3565,6,5,3,18,15.38,1,697300
2455,5,5,2,22,20.38,1,453285
1972,3,4,1,26,3.62,1,395321
1472,3,2,1,7,10.53,2,326063
1852,4,3,2,25,9.08,4,401026
2917,6,5,2,26,14.67,4,608918
2451,3,3,2,29,21.67,1,441110
3445,6,5,3,18,2.88,4,764292
1914,3,3,1,17,2.74,1,389181
1324,2,2,3,9,21.41,1,253922
3836,6,5,3,28,6.11,4,772844
2652,4,5,1,6,17.05,1,504019
3498,6,5,1,27,14.03,3,676403
677,1,1,2,8,20.99,3,109696
3221,6,5,2,0,4.0,4,710995
731,1,1,3,18,4.11,3,181885
1200,3,4,2,4,14.36,3,272905
2372,5,5,2,18,23.71,2,494116
1665,3,4,1,0,10.96,1,346078
2736,4,4,1,14,8.85,3,544546
3049,5,5,2,15,15.56,3,590619
2943,6,5,1,22,23.33,4,568233
2463,5,5,2,6,21.09,4,528699
1918,2,2,1,25,24.89,3,315111
1215,1,1,1,11,1.54,2,250978
3447,5,5,1,7,3.71,4,727165
3069,5,5,1,4,15.63,1,617110
2488,3,3,2,9,20.69,2,513925
1646,2,3,3,27,7.85,0,301201
1174,2,2,1,20,6.74,3,248100
2790,4,3,2,4,19.89,2,538395
1592,4,3,2,16,2.35,1,358051
3312,6,5,1,25,9.87,3,686480
2792,4,3,3,4,13.14,1,565449
1848,4,3,1,21,14.45,3,314150
3654,6,5,2,14,18.49,4,738105
1102,3,3,3,12,9.52,0,260929
2597,4,3,2,27,15.7,2,496109
1420,1,2,1,0,15.05,0,267416
2751,4,5,3,10,14.14,2,528454
3710,6,5,2,22,16.37,3,721650
2570,5,5,2,0,7.23,4,582367
797,1,2,2,10,3.03,3,180607
2269,5,4,1,17,3.86,2,504493
3226,5,5,3,17,6.39,3,666502
3038,6,5,1,20,13.0,4,631956
1802,3,4,1,29,21.17,2,319847
3201,5,5,1,25,17.83,2,596281
2071,3,3,3,15,19.94,1,344284
3686,6,5,1,12,9.42,1,756260
2246,4,3,1,6,10.71,4,470338
2292,4,3,1,0,10.45,4,472296
1912,3,2,1,25,5.6,0,320076
2635,5,4,2,15,2.47,2,569454
1077,1,2,1,0,15.18,1,195181
1854,3,3,2,16,24.74,1,345377
1522,2,2,1,5,5.0,1,342740
1019,1,1,3,1,2.12,2,177851
2804,5,4,2,16,19.71,4,545307
3197,6,5,2,5,7.06,4,687652
1720,2,3,2,13,20.91,1,339376
3668,6,5,2,17,17.89,2,696231
3644,6,5,3,5,23.7,2,774737
1550,3,3,1,9,10.81,3,323597
2936,6,5,2,23,16.89,4,596279
1877,2,1,3,17,12.16,1,335078
2843,6,5,2,26,16.13,3,565754
3245,6,5,1,8,11.79,1,690482
2457,5,5,2,7,5.53,1,513329
1116,2,1,3,27,13.19,0,187908
2258,5,5,1,9,13.69,4,478876
2465,4,3,3,16,20.45,4,466557
3512,6,5,1,22,18.65,1,734579
1741,4,4,1,29,16.93,1,333401
3453,6,5,1,28,3.72,3,713365
2532,4,5,2,25,18.29,4,518435
3830,6,5,3,5,13.01,4,770453
1414,1,1,3,13,22.46,0,260145
2875,5,4,3,21,23.08,3,508660
2500,6,5,1,21,2.32,3,527484
2863,5,5,2,5,20.7,1,571259
3595,6,5,1,25,1.9,1,738434
2662,6,5,3,6,9.81,4,597914
3828,6,5,2,11,14.02,1,767163
3932,6,5,2,2,4.55,2,825420
3828,6,5,2,13,18.91,3,746159
2694,5,5,3,21,1.2,1,540075
2971,6,5,2,18,5.05,2,642210
3491,5,4,2,22,14.94,3,693374
729,1,2,1,15,18.15,1,141109
694,1,2,1,6,23.0,1,91119
3274,6,5,2,7,17.93,1,682816
3402,5,5,2,17,17.12,3,668945
2555,6,5,1,24,10.46,2,551789
3963,6,5,1,12,1.03,4,846719
1393,1,1,1,20,3.88,2,250204
2434,4,5,3,8,13.83,4,510669
3954,6,5,3,9,17.2,1,814038
2716,4,5,1,20,11.02,4,558778
2283,4,3,2,22,18.54,3,421171
610,2,3,1,26,13.52,1,74204
3925,6,5,3,8,2.78,2,818169
2465,5,5,2,14,5.61,3,563788
3519,6,5,3,19,21.16,2,720529
3197,5,5,2,1,18.4,4,640913
3805,6,5,3,24,22.47,2,715604
1311,2,3,2,12,3.82,1,297833
2670,6,5,2,1,24.77,4,544847
1414,3,3,2,18,6.03,3,307645
945,1,2,2,25,1.28,3,167718
2949,6,5,3,1,24.94,1,642780
962,2,2,3,2,7.75,3,206251
3043,6,5,2,5,17.03,4,667047
2865,4,5,2,2,5.24,1,607917
2788,4,5,3,9,14.93,2,574523
3605,6,5,2,23,22.7,4,667593
3881,6,5,2,26,8.68,3,732161
1584,2,3,2,5,17.09,3,309028
3640,6,5,1,22,5.51,4,749118
2239,5,4,2,15,16.0,1,432016
1427,2,1,1,16,9.07,2,237946
3330,6,5,2,18,6.07,2,701489
3651,6,5,3,2,8.52,2,783397
955,1,2,1,17,5.29,2,174065
3655,6,5,1,6,22.65,4,752204
1947,4,3,2,8,10.53,1,379915
3804,6,5,2,19,6.89,3,769321
3535,6,5,1,11,11.76,3,758237
2463,5,5,3,4,8.69,2,544326
726,2,3,3,2,18.87,0,155466
3777,6,5,2,10,24.31,3,796358
3656,6,5,3,24,11.51,1,702073
1203,2,1,3,29,21.66,3,204648
2528,4,5,2,3,14.58,2,560659
1613,2,1,3,4,4.77,3,327302
650,2,3,2,0,17.57,0,157052
3700,6,5,1,26,13.32,4,713719
3967,6,5,2,27,16.61,2,756605
3968,6,5,1,28,22.35,1,756239
3426,6,5,1,17,11.57,3,713011
2030,4,5,3,11,22.63,4,445058
2392,4,3,3,12,19.02,2,500912
3461,6,5,3,8,12.73,3,723171
2236,5,5,2,1,15.48,2,511892
2245,3,2,3,4,8.81,0,440633
3067,6,5,1,12,24.61,1,623881
1805,3,2,3,15,17.02,3,351509
3630,6,5,3,15,2.05,2,770713
3472,5,5,2,23,8.84,2,699250
3672,6,5,2,2,15.96,2,723945
2454,3,3,1,21,2.35,0,448037
1166,3,3,2,3,1.57,3,286290
3018,5,4,3,10,11.8,2,585894
1535,2,2,2,22,8.98,1,295964
2534,5,5,1,25,11.52,3,530011
3308,5,5,3,13,7.3,2,690883
3616,6,5,1,28,4.95,4,709557
1932,3,3,2,2,17.54,2,415282
3808,6,5,2,15,13.35,3,810984
801,2,3,1,21,5.8,2,165021
2960,6,5,3,14,8.67,1,635670
716,2,2,2,27,15.2,2,120014
1536,4,5,2,9,2.73,2,374127
1174,1,2,3,8,4.54,0,230848
2891,4,3,2,10,2.76,1,585168
1136,3,2,1,15,20.5,0,216094
2225,3,4,2,9,19.06,0,473792
2722,4,3,2,16,19.08,1,485798
985,1,2,3,18,18.19,0,154843
3881,6,5,1,1,17.07,1,760330
1074,2,1,3,23,12.45,2,220760
1017,2,1,2,22,16.41,3,159485
2994,4,4,2,1,1.92,2,602715
3287,6,5,3,5,15.92,2,700083
1538,2,2,3,18,19.67,2,308386
1554,2,3,3,7,13.01,2,327471
1475,1,1,1,25,9.58,0,237935
1362,2,3,2,28,7.66,3,266022
1802,3,2,3,2,16.43,0,383796
1805,3,4,2,25,17.63,2,320656
1263,3,3,1,13,21.9,0,226803
624,1,1,1,24,9.22,1,77826
2590,6,5,1,15,19.47,2,506402
1803,3,4,1,0,14.47,0,362032
1309,3,2,2,20,22.19,3,257394
2479,3,2,1,2,13.67,0,484212
1784,2,2,1,21,13.42,0,320666
2824,5,5,3,25,14.87,4,575009
884,1,1,1,17,18.98,3,143126
662,2,2,3,8,24.15,3,109848
1602,3,2,1,5,2.77,1,330129
1261,2,3,1,22,2.28,0,246260
3313,5,5,3,20,23.5,3,651890
2803,5,5,1,24,13.72,4,568503
2092,4,5,2,0,15.76,4,456273
3720,6,5,2,20,12.58,1,732891
1566,2,2,1,26,3.25,2,352535
1448,3,3,2,9,19.43,0,296415
1707,3,4,3,26,18.93,0,321662
1288,1,1,1,5,8.48,3,239715
747,2,2,1,22,8.35,3,132735
941,2,1,3,11,21.11,1,159043
3123,6,5,3,3,2.74,3,697016
1686,3,3,3,27,22.15,2,264071
2324,5,4,1,12,7.16,4,467612
1983,2,1,3,16,15.23,3,348742
3208,6,5,3,26,23.46,4,638662
926,1,1,2,7,17.27,2,154854
2392,3,3,2,25,10.95,1,474722
2359,3,3,1,19,17.55,2,404372
3812,6,5,2,2,9.26,4,787613
1589,3,4,2,11,7.65,3,374621
2862,6,5,3,6,24.92,2,593942
3082,6,5,3,11,19.02,1,648916
1551,4,4,2,1,16.47,1,379764
1322,1,1,2,23,9.53,2,208523
3989,6,5,2,13,2.18,1,818173
2679,5,5,1,21,1.75,1,550771
3317,6,5,1,22,14.3,3,625368
2932,6,5,1,29,19.29,4,572472
3976,6,5,2,4,13.9,1,825501
1028,3,4,2,8,21.18,3,231491
2100,4,3,1,20,1.8,3,445781
885,1,2,1,10,9.8,3,162189
3815,6,5,2,4,6.69,4,792198
3690,6,5,3,2,11.73,3,802125
2665,6,5,1,26,2.74,4,558273
1368,3,4,2,16,23.9,0,258321
3237,6,5,2,1,6.36,1,697706
1994,3,2,3,23,23.14,0,374374
3846,6,5,2,0,11.22,1,815268
3657,6,5,2,6,24.65,4,712054
793,1,1,1,29,14.3,0,71888
3149,6,5,1,13,23.34,4,645218
1587,4,3,3,4,1.13,2,371113
1736,2,3,3,18,18.96,3,313456
2761,6,5,2,27,22.67,1,557452
3893,6,5,1,27,4.35,2,780289
2301,3,2,3,10,3.31,2,468609
1546,2,3,3,22,11.19,3,313496
1430,2,3,3,24,23.41,0,230077
2520,5,4,2,1,14.02,1,561430
3935,6,5,1,7,13.66,1,775719
3572,6,5,3,8,4.39,3,774318
654,1,2,1,26,1.02,1,142356
1399,3,2,3,2,20.44,1,251394
1377,1,2,3,1,3.1,0,276293
2081,5,4,1,6,16.21,4,469004
2501,5,4,1,4,22.95,1,522424
2809,6,5,1,20,6.01,1,581170
2734,4,4,2,25,16.97,4,511986
654,1,1,3,4,2.89,0,160058
2423,5,5,2,19,15.49,3,522330
1801,4,4,1,12,4.93,1,362026
3679,6,5,3,20,18.66,3,709821
1432,3,3,2,28,8.23,0,273805
912,2,2,3,19,12.12,1,183007
3406,6,5,2,28,15.39,4,672318
2458,4,4,1,5,5.11,2,531305
2607,5,5,2,19,18.8,1,502957
2606,5,5,3,17,8.26,1,503766
3090,5,5,3,24,16.9,3,604921
2390,4,4,3,1,4.8,1,519364
927,2,2,3,24,17.51,0,145323
3725,6,5,1,25,4.08,1,722667
3408,6,5,2,5,11.21,2,677207
3910,6,5,1,8,6.93,3,796658
3900,6,5,1,24,18.96,2,771033
3226,6,5,1,2,7.29,3,717223
3722,6,5,3,0,22.16,2,784394
3654,6,5,3,0,22.4,1,727601
1887,3,4,3,18,5.71,1,365165
2743,5,5,2,4,15.73,2,584212
1711,3,2,3,12,3.11,2,371462
3749,6,5,2,18,10.4,3,769023
1911,3,3,3,11,18.12,1,329958
3791,6,5,3,15,16.83,3,747882
3461,6,5,1,24,15.99,3,683406
3138,6,5,1,24,7.78,3,652024
1051,3,2,1,18,10.07,3,226386
2123,5,4,2,2,3.47,3,489085
764,1,1,2,11,18.26,3,133115
781,2,2,3,29,13.09,3,139597
3116,5,5,2,4,18.01,3,654572
1509,2,2,3,1,6.97,1,321437
3382,6,5,2,21,8.79,3,694994
1422,2,3,2,6,9.02,0,281552
1543,4,5,2,12,1.62,2,364125
2601,4,5,1,24,9.19,4,532491
2654,6,5,2,14,20.28,4,559509
929,2,2,1,21,22.54,1,147256
1374,1,2,1,2,13.44,1,281294
2798,6,5,2,27,11.93,3,578583
3756,6,5,3,20,1.74,4,772620
746,1,1,3,19,22.1,0,114252
1514,3,3,3,4,1.31,2,319576
2171,3,2,2,23,23.67,1,353311
1908,2,2,3,7,12.74,3,381176
3347,5,5,1,21,9.21,2,675867
681,1,1,3,0,23.18,1,90318
1113,1,2,2,7,1.59,1,221003
2520,4,4,3,23,14.95,3,484078
3462,5,5,1,17,14.17,1,668586
3356,6,5,2,19,6.26,1,707931
2539,6,5,3,27,11.29,4,551070
1345,1,2,2,15,16.65,1,227917
3670,6,5,2,17,18.45,1,713280
2009,3,4,2,19,1.02,1,386087
1306,3,3,3,11,23.48,3,287023
1070,2,1,2,12,4.95,1,222542
3790,6,5,3,12,6.61,1,767846
995,1,1,1,9,7.32,1,194351
2155,5,4,3,6,1.91,1,484675
2908,5,5,1,24,3.95,4,594797
1404,1,1,3,13,24.67,1,231584
1533,2,2,2,29,8.57,0,250470
1879,3,2,3,23,3.77,3,368304
2357,4,3,2,15,3.57,2,487049
1504,2,2,1,14,18.27,3,260190
3897,6,5,3,11,21.51,1,786321
1676,4,3,2,8,7.17,2,402721
3587,6,5,1,7,1.5,2,742074
2490,3,3,1,17,6.35,1,445697
2123,4,5,3,22,2.36,4,423385
3501,6,5,1,17,3.48,4,727710
1987,3,4,2,12,11.36,0,381676
1903,4,5,1,27,6.52,3,398157
1192,3,4,1,26,13.38,1,228451
3361,6,5,2,17,7.08,2,663255
3829,6,5,1,14,23.57,1,705782
3279,5,4,1,3,22.74,2,651158
2706,6,5,1,16,14.6,4,569588
727,1,2,1,4,9.51,3,142323
1335,1,1,2,21,10.15,1,189357
3368,5,5,1,15,10.88,2,684407
3786,6,5,2,8,18.46,4,795997
3880,6,5,1,9,11.84,2,791779
3173,5,5,1,23,21.56,4,597570
1120,1,1,1,17,23.66,2,162671
3199,5,5,1,16,9.06,3,623377
836,1,2,2,17,14.46,1,159219
1904,2,1,2,6,3.28,1,374796
3872,6,5,2,3,5.81,2,775476
2381,3,3,3,25,10.92,3,450226
1901,3,4,1,4,5.95,2,414546
3906,6,5,1,27,22.04,3,740839
3141,5,5,2,22,4.8,1,631262
2651,6,5,3,15,11.94,1,537311
3313,6,5,1,2,15.54,2,698590
1041,2,1,2,25,17.6,3,155710
2676,5,4,1,17,10.19,2,497671
3780,6,5,1,28,21.86,3,716254
3257,6,5,2,22,14.64,2,673602
1404,1,1,2,20,11.55,1,225881
674,2,2,1,13,2.61,2,184359
3485,6,5,1,14,12.15,3,719579
3817,6,5,2,16,20.7,3,762435
2775,5,4,1,0,15.75,3,574432
2689,4,4,1,24,20.97,1,493714
1979,4,4,2,20,12.86,4,401231
640,1,2,1,16,3.84,3,122474
3581,6,5,1,22,1.33,3,748537
2681,4,5,3,24,8.28,4,530303
3688,6,5,2,10,17.75,4,729822
2300,5,4,3,16,19.97,4,450596
3824,6,5,3,25,8.1,4,818533
3645,6,5,3,13,12.9,3,760406
2001,3,4,1,28,11.11,1,379049
1187,3,3,1,19,10.85,1,211309
2222,4,3,3,29,6.55,2,450826
941,1,1,3,18,4.27,0,166508
2674,5,5,3,20,5.72,4,575163
3958,6,5,1,6,2.33,3,808247
1245,3,2,3,23,5.76,2,256285
1330,1,1,3,12,1.22,0,245483
767,1,1,2,17,16.05,2,103147
1209,3,3,2,22,8.59,1,256122
2915,5,4,1,29,24.36,1,502725
2372,4,4,2,13,5.65,3,509455
2640,5,5,2,0,9.3,1,584289
3468,5,5,2,6,9.59,1,692467
1054,2,1,1,7,1.2,2,205413
3553,6,5,2,17,21.14,2,697299
2308,3,3,1,8,1.77,2,478540
3569,6,5,3,0,23.56,4,735242
3628,6,5,2,28,22.41,4,712891
1301,3,4,1,21,13.85,2,291239
3281,6,5,2,16,14.05,2,658325
2199,4,3,3,18,16.69,4,404136
729,1,2,1,26,10.29,3,133158
3667,6,5,1,5,16.53,3,782166
2445,3,2,1,2,2.07,2,505815
1986,2,3,3,23,2.3,2,367625
3466,5,4,3,4,11.97,1,702462
1292,3,3,3,1,14.19,0,255309
3963,6,5,1,19,22.31,1,774077
1994,4,5,3,24,3.51,3,403874
1393,1,1,2,3,20.74,1,232757
628,1,2,3,9,6.04,3,122373
748,1,1,1,9,10.46,0,127756
1919,2,1,2,23,8.6,1,332393
2658,5,5,3,20,10.6,3,557775
3323,5,5,2,10,4.61,1,688367
1736,3,4,2,26,13.09,2,313566
786,1,1,1,15,20.24,1,120037
3454,6,5,2,25,11.6,1,686044
3391,6,5,2,28,12.77,1,649069
1850,2,3,1,28,21.37,0,346078
1933,3,3,1,29,17.95,0,343068
697,2,2,1,16,12.77,1,121854
654,1,1,2,15,7.18,0,139164
3270,5,4,2,6,22.24,4,689956
3311,5,4,2,15,14.85,4,658873
1357,2,2,1,2,6.31,2,288587
1005,2,1,3,25,7.46,0,155719
2716,6,5,2,15,20.28,4,560876
3983,6,5,3,7,2.06,4,841338
1912,3,2,1,29,24.81,3,323736
2385,3,2,2,11,4.13,1,477195
1350,1,1,3,2,20.11,0,245976
3819,6,5,2,16,10.47,2,777232
2362,3,4,2,20,12.81,1,427325
3915,6,5,2,17,22.14,4,754150
3605,6,5,3,10,10.91,4,744151
964,1,1,1,3,13.9,2,168575
2626,6,5,2,15,2.18,1,592835
1081,3,3,1,16,1.06,0,210201
2848,6,5,1,8,6.88,4,612731
753,2,3,3,5,17.33,3,187440
2124,3,2,3,23,3.91,0,401002
2720,6,5,1,26,3.73,3,581348
3360,5,4,2,19,10.86,4,669789
2943,6,5,3,24,16.55,3,604775
1640,3,2,2,1,18.09,1,318950
2264,5,4,2,8,5.28,4,516301
1840,4,5,2,27,2.91,2,359978
660,1,1,1,20,23.57,3,71393
1538,4,4,2,28,7.26,2,324251
2239,4,4,1,5,21.48,4,464233
2689,4,5,1,2,21.72,3,572439
624,1,1,2,19,19.54,2,74919
1662,4,4,2,5,5.05,3,413149
730,1,2,2,6,20.72,1,109779
1852,2,1,2,0,19.46,2,371012
707,1,1,1,22,15.32,1,108969
771,1,1,2,0,9.09,3,144330
2058,3,3,2,4,7.3,1,429980
701,1,1,1,5,3.93,3,146795
3513,6,5,3,12,13.23,1,731391
3171,6,5,3,1,15.05,1,665714
2922,5,5,1,14,9.62,1,588575
2236,3,2,3,14,12.41,1,455041
3715,6,5,1,12,9.72,1,750285
3464,6,5,2,25,16.38,1,695788
3604,6,5,2,24,22.63,1,688952
1640,4,3,3,13,4.93,4,402173
929,1,2,2,25,10.15,2,141853
2120,3,4,3,21,4.38,1,416057
611,2,1,3,6,16.0,0,146470
1941,4,4,2,13,18.49,4,390001
815,1,2,2,25,23.37,2,140481
938,2,1,3,23,7.69,2,191796
2399,4,5,2,26,23.81,3,452107
3308,6,5,1,28,2.52,4,645134
3752,6,5,2,9,15.47,1,756533
2350,4,3,2,16,2.37,3,490292
2108,3,2,1,13,22.45,3,407384
3021,6,5,2,7,13.72,4,675608
3623,6,5,2,3,17.06,2,729820
1309,1,1,3,25,20.96,3,219223
1823,4,5,2,15,4.61,3,421728
3113,6,5,2,23,1.93,3,677448
1712,2,2,1,12,22.09,3,312953
1891,2,1,3,21,8.56,2,307910
1088,2,3,3,26,4.1,3,220531
2161,5,4,3,24,12.24,3,424385
646,2,1,2,26,15.36,1,88507
3959,6,5,3,19,1.74,1,831240
1377,3,2,1,17,7.6,1,274263
1639,3,2,3,13,1.79,1,365901
1310,3,4,1,17,11.09,0,267955
1000,1,1,3,4,22.48,2,146073
2417,3,2,3,25,24.58,0,364983
3628,6,5,1,8,16.29,4,744436
3757,6,5,3,27,4.88,1,752721
849,2,2,3,2,22.74,1,143801
990,2,3,3,7,13.39,0,169907
934,1,2,2,19,4.69,2,161545
1228,2,3,1,21,23.12,1,196410
736,1,2,3,9,19.18,3,148937
3530,6,5,1,21,18.56,3,699552
3335,6,5,1,18,18.02,2,694421
2121,4,3,1,29,5.81,4,398947
1426,1,1,3,20,6.06,2,275181
1326,1,1,3,27,17.52,3,211085
2100,5,4,1,2,6.27,1,477353
3241,6,5,2,10,11.53,1,662589
3894,6,5,1,10,19.77,4,800813
1589,4,4,2,16,19.81,1,322304
3019,5,5,1,15,11.88,4,604571
1534,3,3,1,6,20.01,2,299859
3642,6,5,1,3,21.13,2,729008
1001,2,1,3,29,16.71,3,172043
2066,5,4,2,22,6.48,2,412324
1214,2,3,2,18,7.58,1,237772
1896,3,3,1,11,8.56,3,392566
1782,2,1,3,14,3.8,0,339820
3823,6,5,3,10,7.56,3,823958
3642,6,5,2,4,6.03,2,782980
3267,6,5,3,4,11.93,3,697050
2835,6,5,2,14,22.8,2,578033
1721,2,1,2,28,3.51,3,320673
730,2,1,2,17,18.29,0,119385
3452,5,5,3,10,17.49,3,661866
1794,4,4,2,25,3.3,2,370789
3583,6,5,2,11,23.14,4,690471
3633,6,5,1,1,14.64,4,781725
782,1,2,2,19,9.73,1,133583
3630,6,5,2,14,19.16,2,720213
963,1,1,1,19,7.18,1,177415
638,2,2,1,3,17.64,0,128506
3144,6,5,3,21,1.95,2,642947
1972,2,2,2,17,21.15,1,339741
3629,6,5,3,5,11.76,1,746496
1520,2,2,3,22,16.28,3,240149
3369,6,5,1,26,6.31,2,665994
3832,6,5,3,25,17.25,3,753089
615,1,2,2,18,19.53,3,92340
1092,3,3,1,10,12.36,2,200195
2049,4,4,2,27,15.83,2,417693
1731,4,3,2,23,11.95,1,337137
3541,6,5,1,1,22.46,1,712711
910,2,2,2,26,12.95,0,156912
1338,1,1,1,7,21.2,1,201178
3841,6,5,2,28,20.23,2,748047
1145,2,1,1,10,10.85,2,207058
3061,6,5,3,4,6.52,1,645008
850,1,2,2,17,10.75,1,159468
1358,2,2,1,22,20.83,3,256613
2404,5,5,2,29,6.46,2,508796
3812,6,5,2,17,13.59,2,781939
1897,4,5,2,13,20.35,4,384847
2231,3,3,1,21,9.48,0,384167
2514,6,5,3,9,16.41,4,579002
3710,6,5,3,2,6.9,1,823090
1413,3,3,3,8,3.62,3,352956
628,1,1,1,2,20.07,2,96184
1557,4,3,3,10,3.38,1,326407
2632,4,5,1,11,7.51,2,521926
1076,2,2,2,11,21.52,2,158465
917,1,1,2,2,9.32,0,171272
844,2,3,3,20,24.35,0,168333
1347,2,1,1,6,24.51,0,218606
1296,1,2,2,13,7.44,3,254946
871,2,3,1,23,1.98,0,198831
2371,3,4,1,27,17.92,1,419358
1862,2,2,2,10,11.82,0,387230
3024,5,4,1,6,3.42,2,673321
865,2,1,2,24,17.98,1,127117
3573,6,5,2,20,1.75,2,728089
1520,2,2,2,9,21.88,2,288284
939,1,2,1,10,4.33,1,175409
988,1,1,2,14,4.06,3,167588
3224,6,5,1,18,5.22,1,689504
2650,6,5,2,15,24.05,4,568728
1765,4,4,2,21,17.64,3,356030
975,2,1,3,20,20.23,0,126782
2633,6,5,3,27,10.54,2,522769
2971,5,5,3,19,9.07,1,609284
745,2,3,1,11,6.63,2,155342
2581,4,5,1,17,12.54,3,512178
892,1,1,2,22,14.24,3,161519
1031,2,3,2,12,16.16,0,207923
1304,1,1,2,4,7.17,0,271942
3596,6,5,2,3,23.77,1,701427
2598,5,4,1,27,5.07,4,523136
3232,5,5,2,13,24.18,3,651079
998,2,3,2,7,1.36,1,237381
3464,5,4,3,8,12.55,1,728067
1563,2,1,2,24,9.0,3,289750
3811,6,5,2,18,11.78,4,810382
2834,4,5,2,2,14.7,2,594520
2641,5,5,1,4,11.45,3,584723
2428,5,5,3,20,10.96,1,497649
2708,6,5,2,25,18.59,1,539045
1538,4,4,2,17,17.46,4,340638
1309,1,2,3,0,21.0,2,276879
1406,2,3,2,7,7.0,0,301164
2063,5,5,1,18,15.63,2,424416
3990,6,5,2,16,15.04,3,825666
1925,3,3,1,16,9.87,2,331920
610,2,1,1,10,12.67,3,90015
1685,4,4,2,1,8.53,4,404372
2468,4,4,3,5,4.4,1,527222
2873,6,5,1,21,6.13,4,618490
3824,6,5,3,13,3.53,3,802048
3211,6,5,2,2,17.39,1,677618
1371,3,2,1,11,16.86,0,237271
2194,3,2,2,3,23.81,2,424209
2207,5,5,3,11,18.51,1,482628
1933,2,1,2,12,2.25,1,395851
1484,2,2,2,1,22.22,1,315451
3914,6,5,1,1,21.7,1,785501
1989,2,1,2,14,11.64,3,373218
3778,6,5,2,22,15.06,2,716456
825,1,1,2,28,24.43,0,77011
1424,1,2,1,16,13.78,1,237898
2865,5,5,3,6,22.73,4,613246
1536,2,2,3,29,2.99,2,277779
3400,6,5,2,27,5.59,1,702246
3153,6,5,1,13,11.58,1,645847
2906,5,5,2,11,15.03,1,586976
2511,5,4,3,29,20.59,1,483277
2396,3,2,1,16,24.72,0,407016
653,1,1,3,13,10.33,0,103799
3718,6,5,3,5,2.14,4,766364
1326,1,1,1,18,20.23,2,199260
3336,6,5,1,23,15.51,4,658360
2144,5,4,2,5,5.77,4,474560
3770,6,5,2,26,12.88,3,756177
1643,2,3,3,17,18.82,3,320772
2513,4,5,1,23,19.49,2,484503
2376,4,5,1,4,12.99,4,524608
2196,3,3,2,23,8.33,0,425631
2514,4,3,3,23,24.37,2,458378
3066,5,5,3,5,16.92,2,624282
3337,5,5,2,1,10.8,3,705816
1449,1,2,1,7,7.73,3,291335
2709,5,5,2,14,18.55,4,583476
3816,6,5,2,14,6.81,2,806083
2863,5,5,2,10,5.12,4,605270
602,1,1,2,21,13.72,3,89379
759,2,1,1,21,7.96,2,147620
1380,3,4,2,23,16.09,1,285079
3791,6,5,1,0,3.83,1,814499
1492,3,2,2,17,16.72,1,274342
2630,5,4,3,11,7.8,3,535219
3760,6,5,1,11,1.01,3,767301
2976,4,3,3,24,4.05,3,596032
1179,3,2,2,10,23.41,3,231244
2533,5,5,2,27,21.82,2,467826
1980,2,1,2,7,6.61,3,387571
1890,2,3,1,27,19.68,3,337964
2240,4,3,3,6,15.61,2,434955
1551,4,4,1,22,24.3,3,316679
3994,6,5,1,20,9.97,1,782429
3282,6,5,2,1,17.36,1,705692
1587,4,3,3,10,2.52,2,349950
1818,4,5,2,21,10.51,2,360187
1520,2,2,1,9,24.13,2,255677
3385,6,5,2,2,13.94,2,706517
1955,2,3,3,19,7.91,1,366810
769,2,2,2,28,3.89,2,142319
1120,1,2,3,9,17.88,2,210019
2086,5,5,3,27,16.48,4,429596
639,1,1,2,26,9.97,1,88757
2160,5,4,1,17,23.82,1,382475
3932,6,5,2,13,1.53,2,823033
2018,3,4,1,17,8.29,0,392375
1554,2,1,1,27,23.11,0,262205
3897,6,5,2,23,8.7,1,756768
1583,3,3,1,7,7.05,3,301174
3795,6,5,1,9,13.82,3,783321
1574,2,2,2,21,20.77,2,275210
637,1,1,2,12,3.48,3,111531
2975,6,5,2,20,23.63,3,561645
1874,2,3,1,7,20.08,3,382407
1799,4,4,3,3,5.35,2,439902
2225,3,2,1,26,18.09,3,344570
1513,2,3,3,3,10.24,2,309195
1053,1,1,2,4,10.66,2,233503
636,1,2,3,0,19.8,1,112358
3987,6,5,2,16,24.11,4,773627
2311,5,4,2,1,4.04,2,510744
3620,6,5,3,29,11.1,1,694482
1395,3,4,2,7,12.54,3,271424
1572,2,2,3,6,10.03,1,333950
1192,2,1,2,14,9.72,1,183261
1737,4,5,1,25,2.25,3,380605
3711,6,5,1,24,17.45,4,747811
1924,2,1,2,4,11.47,0,330355
2871,6,5,2,1,5.68,1,611434
917,1,2,3,6,20.58,3,194163
2996,4,4,1,7,20.26,4,599917
2762,5,5,3,27,12.67,2,541974
3345,6,5,2,6,8.16,3,734824
1946,4,3,2,29,16.31,3,392290
2191,3,4,3,6,7.92,2,465921
3711,6,5,2,27,6.66,4,734156
2489,3,3,1,13,18.53,2,456191
2687,5,5,3,20,1.97,2,578447
2596,5,5,1,17,3.27,4,552468
2372,4,3,1,5,1.16,4,528919
1912,2,2,1,3,4.67,2,352724
1885,4,5,3,9,2.66,1,397594
815,2,1,2,17,24.9,0,117017
3818,6,5,1,11,7.93,2,770049
2983,5,5,1,15,4.58,3,609739
3839,6,5,1,24,6.78,3,735098
2739,6,5,2,6,23.47,4,575470
3000,6,5,2,5,13.48,4,642484
3218,6,5,3,27,9.76,3,671289
3463,6,5,2,4,21.96,4,712798
2304,3,3,3,2,10.48,2,471107
3428,6,5,3,11,9.04,2,741000
962,2,2,3,14,5.97,3,180970
3204,6,5,3,9,10.07,3,692807
2316,5,5,3,25,8.6,4,459757
1793,4,4,1,19,17.26,2,335952
955,1,2,2,18,7.95,3,154746
790,2,1,1,15,14.85,2,150638
3069,6,5,3,27,2.58,4,648451
1299,1,1,2,10,5.59,3,249369
2654,6,5,1,7,10.78,3,552525
2780,4,5,1,2,23.49,1,541426
1156,2,1,3,22,10.05,3,198710
1425,3,2,1,6,16.94,3,290289
3408,6,5,1,22,7.12,2,671378
1654,4,3,1,28,4.05,1,355215
3182,6,5,1,6,2.4,2,650448
1025,3,3,1,13,8.33,2,205209
3319,6,5,3,1,4.78,3,758904
3010,6,5,3,9,5.18,2,644237
2174,3,3,1,18,19.26,3,376502
2729,6,5,3,25,1.38,1,586341
3003,6,5,3,8,14.39,2,625252
3929,6,5,2,15,10.11,2,777782
1188,1,1,1,18,13.16,2,171602
2612,4,4,3,17,14.51,4,582007
2147,3,4,3,8,8.52,0,435388
894,1,1,1,15,8.08,1,112748
2585,4,4,2,12,18.6,1,533974
1847,4,4,1,9,21.91,1,376361
2148,5,5,2,24,5.62,2,442070
3717,6,5,1,19,3.34,1,736217
2290,5,5,1,13,22.55,3,478069
1736,4,4,1,11,9.4,4,373241
1856,2,1,1,24,14.23,3,280100
2664,4,3,2,18,9.63,4,567004
959,2,2,2,6,4.02,2,204900
3894,6,5,3,22,15.14,3,806551
3513,6,5,1,14,13.6,3,738708
1299,3,4,2,15,5.87,3,269559
1047,3,4,2,26,11.84,0,224443
3503,6,5,2,7,20.13,3,700751
3012,6,5,1,9,15.17,2,585985
1274,1,2,3,3,3.33,2,260668
1607,3,4,2,18,14.15,1,323912
1949,4,5,1,18,17.87,4,387825
3114,6,5,2,27,20.02,2,603839
3061,6,5,2,20,16.1,3,645651
1185,2,3,3,26,4.66,2,238109
1856,3,4,2,14,18.04,0,338134
1847,3,4,2,13,17.26,3,382480
1593,2,2,1,0,1.59,1,336513
2035,4,3,1,15,10.88,4,364607
1171,1,1,3,9,8.99,2,230867
2982,6,5,1,18,17.07,1,604456
1845,3,4,1,29,6.19,2,357622
2684,4,5,3,21,15.18,3,554094
1588,3,3,2,2,22.92,2,301552
877,2,1,3,4,20.15,1,169289
1819,4,5,1,8,23.11,3,342860
3563,6,5,3,17,24.48,4,718021
2487,4,4,2,10,1.26,4,575201
1083,2,2,3,15,15.95,0,175642
1865,2,2,1,1,10.91,3,354183
3995,6,5,1,11,21.64,3,774119
1330,2,3,3,21,7.04,2,267419
2839,6,5,2,5,24.54,4,571179
1640,4,4,3,10,15.73,1,356164
3171,5,5,2,26,20.04,1,622636
1517,2,2,2,7,3.05,3,329146
3048,5,4,3,11,5.4,2,600971
1485,1,1,2,28,19.2,1,240803
3352,6,5,1,26,1.53,2,705047
621,1,1,3,29,20.61,1,82663
1073,1,2,2,1,1.33,3,246436
3791,6,5,1,8,16.77,1,762243
2857,4,4,3,14,9.76,3,601387
2953,6,5,1,1,15.68,3,666150
3941,6,5,1,28,17.7,4,745919
1303,3,4,1,0,9.22,2,318662
1286,2,1,2,9,3.59,1,255075
884,2,3,3,1,2.67,0,212686
1315,3,2,3,11,15.13,3,238209
1362,1,1,2,22,13.5,0,209464
1850,3,4,3,7,18.81,3,359934
